id;content;region id;created;updated
14;upd torrrrrr;1;2020-01-14T15:00:00.105;2020-07-07T21:01:14.726
17;bonn bonnn;1;2020-03-15T22:10:00.202;2020-03-16T14:12:00.001
19;uuupd fixx;7;2020-05-22T20:23:00.105;2020-07-07T18:07:06.810
22;brrrrrrrrr;6;2020-07-06T18:52:13.933;2020-07-06T18:53:02.025
23;updated msg from moderator;7;2020-07-07T19:00:46.919;2020-07-07T19:03:41.418
24;wow wowww wow;4;2020-07-07T21:01:44.615;
25;new trolololo;5;2020-07-07T22:42:42.503;
26;upd lettto;8;2020-07-07T22:45:09.552;2020-07-07T23:12:29.034
27;upd som post;7;2020-07-07T23:13:00.596;2020-07-07T23:13:46.638
